Price Movement,News Header
1,"A consumer health check, US-China relations in focus and oil traders vexed again "
0,Infections are rising again
1,"Biden-Xi meeting, Europe tightens Covid restrictions, and COP26 conclusions "
0,Bad news for retirement
1,Inflation panic sets in
1,"All eyes on Treasury market, US sees Russia invasion threat to Ukraine, and COP 26 winds down"
0,Americans keep quitting
1,"Inflation shock, Musk sells some shares, and Evergrande dodges default again "
0,Russia invasion fears
1,Inflation goes wild
1,"Inflation data, Biden-Xi meeting, and some disappointing corporate news"
0,The planet’s ‘last best hope’
1,It doesn’t look good
1,"Bonds decline on inflation fears, Democrats discuss Biden plan, and more corporate earnings "
1,A new weapon
1,"Biden plan hangs in the balance, ECB decision day, and a US economy check"
1,Biden on the ropes
0,"Progressives hold out on infrastructure vote, more corporate earnings, and US-China tensions rise again "
1,Billionaires feel the heat
0,"Earnings season in full swing, China’s lonely Covid-zero policy, and more oil price warnings"
1,"Biden battles to save his economic agenda, it’s Big Tech earnings season, and Covid-Zero ambitions get another reality check"
1,Tesla hits $1 trillion
1,Biden hunts for taxes
1,Get ready to pay more
0,"Supply-chains dominate earnings, it’s PMI day, and Biden backs away from hiking corporate taxes "
1,How the 1% avoid taxes
0,"Evergrande fallout continues, Democrats draw battle lines over stimulus, and a heath check for the economy"
1,Crimes against humanity
1,"Earnings ease stagflation worries, Bitcoin close to record high, and Democrats move to break stalemate"
1,Bitcoin’s turning point
1,"Supply-chain problems continue, inflation headache, and a big day for Bitcoin"
1,"Bond selloff gathers pace, fears over new Covid strain, and Biden still looking for agreement on stimulus "
1,Fear of delta-plus
0,Global traffic jam
1,China breaks the silence
1,"Wall Street is having a good quarter, the Bitcoin ETF era is coming, and retail sales numbers are due "
1,Warning on oil
0,"Taper timing, bank earnings and claims data "
1,"Inflation data, Wall Street earnings season gets underway, and Democrats argue over stimulus package again "
1,Supply chain fears grow
1,"Energy crunch bites, inflation hits investor confidence, and Texas mandates no mandates "
0,"Biden 2, Texas 0"
1,"A warning on growth, transitory inflation is not going away, and it’s too early to declare Covid victory"
1,Buy the dip
1,Not a good sign
1,"Shutdown to be averted, inflation fears grow, and jobless claims are due "
1,China’s other debt problem
1,"Debt deadline looms, Evergrande problems pile up, and top central bankers gather"
1,"Energy crunch gets crunchier, bonds drop, and fiscal brinksmanship gets closer to the brink"
0,America’s Evergrande exposure
1,"Germany in limbo, Democrats head for showdown, and a world energy crunch "
0,Fear of a wider gas crisis
0,China’s big dilemma
1,China crushes crypto
0,"Evergrande fears linger, China outlaws crypto transactions, and a busy political weekend "
1,"All about central banks, economy gets a health check, and warnings against default"
1,China lays down the law
1,"It’s Fed decision day, Evergrande fears ease, and debt ceiling standoff intensifies "
1,Powell makes the big call
1,"Evergrande on the brink, OECD warns on inflation as Fed meeting starts, and Europe’s energy challenge "
0,Mysterious Goldman bankers
1,"Evergrande contagion fears, big week off to a bad start, and stop me if you’ve heard this one before… "
1,Robinhood’s big move
1,Crypto rules are coming
1,Crypto scrutiny grows
0,"Volatility expected as options expire, Biden thinks gas is too expensive, and pandemic fallout continues"
1,A clever tax loophole
0,"Inflation fears haven’t gone away, health check for US economy, and slow progress on Biden agenda "
1,"Growth takes a knock, energy prices rise, and Biden not getting it all his way in the House "
1,Waning virus protection
1,Breaking up Wells Fargo
1,"Inflation data, oil supply problems, and Covid is still hurting growth"
1,"Inflation pressures, China crackdown and Democrat tax plan"
0,Shrinking tax hikes
1,Twenty years lost
1,More likely to die
1,"Biden talks to Xi, another equity warning, and Fed policymakers to sell "
1,‘Gone through hell'
1,"Afghanistan exit, Moderna vaccine creates a lot of antibodies, and commodities in focus "
1,The war is over
1,"Ida hits Louisiana, signs of slowing US economy, and delta’s resilience "
0,The world’s problem
1,Fed signals wind down
1,"Jackson Hole kicks off, delta fallout grows, and Afghanistan situation worsens  "
1,"Corporate America ramps up vaccination campaign, labor-market signal due, and greenwashing fears mount "
0,Biden vows revenge
1,"Afghanistan fallout continues, China’s second-busiest port reopens, and Democrats reach a deal with themselves"
1,Get a shot or get lost
1,"Legislative stalemate on Biden agenda, Afghanistan retreat, and China tech rebound"
0,The clock is ticking
1,"Powell’s big week, mixed PMI data, and Bitcoin tops $50,000 "
1,Here come the mandates
0,No end in sight
1,The storm approaches
1,"Hong Kong enters a bear market, Afghanistan fallout, and delta delays mount "
1,No more ICU beds
1,"Taper’s coming, markets drop, and vaccines have a delta problem"
1,Biden turns to federal power
1,"Focus on Fed, Afghanistan evacuation, and China’s crypto crackdown "
1,Booster shots are coming
0,"Powell speech, delta fears and Biden defiant "
1,Chaos and panic
0,"Afghanistan falls, worrying signs for the global economy and Fed taper debate continues "
0,The price of a third shot
1,"Covid disruptions worsen, third shot approved in US and growth fears show up in oil"
1,America’s biggest hunt
1,CIA turns to China
0,"Biden’s difficult path, jobless claims due, and lockdowns threaten trade"
1,Vaccine pioneers plummet
1,"A $35 trillion economic blueprint passes Senate, inflation data due and crypto weathers storm"
1,Biden’s biggest fight
1,"Biden’s economic agenda in Senate, crypto losses the lobby game, and more signs of virus fears holding back growth "
0,Younger and sicker
1,"Amazon stumbles, Robinhood flops and delta rages"
1,A lot more contagious
1,Robinhood falls flat
1,"Biden’s twin win, Fed taper gets closer and another big day for earnings"
1,"Big Tech in focus, Fed day and delta variant delivers reality check "
1,Risk from China
1,"Infrastructure talks hit snags, China selloff spreads and vaccine campaign stalls"
1,Going backwards
1,"US-China stalemate, infrastructure bill due and Covid infections surge"
1,China wipeout
1,Near the tipping point
1,Dangerous games
1,"Social media giants soar, money managers in demand and more delta danger"
1,"Biden plays down inflation fears, Bitcoin believers out in full force and vaccine push intensifies"
1,Serious penalties
1,Unprepared for new variants
1,"More Covid warnings, busy day for earnings, and Bitcoin rallies "
1,"Inflation is still temporary, Bitcoin drops below $30,000, and a reopening slowdown"
1,America’s fifth wave
1,The gathering storm
0,"OPEC deal, delta surge, and Biden’s China rethink"
1,Choosing danger
1,"Hong Kong warning, delta spreading fast, and retail sales data due"
0,Burned out bankers
1,"Biden’s package push, Powell’s second day, and claims data due"
0,Wall Street cash bonanza
1,Yellen says no
1,"Powell testimony, $35 trillion stimulus, and bank earnings continue"
1,"Bank earnings, oil supply warning, and inflation data due "
0,US inflation just spiked
1,"Lagarde policy shift, China growth fears, and progress on tax deal "
0,A bad sign
1,Where China and America agree
1,The ‘wrong pandemic’
1,"Delta variant stokes fear, it’s the last day of the quarter, and difficult oil talks lie ahead "
1,Elon’s latest gamble
1,"Banks boost dividends, delta-variant concerns rise, and oil market uncertainties"
1,"Infrastructure deal with political risks nears, crypto curbs and America’s Covid resilience"
1,‘Freaking out’
1,Crypto warning signs
1,Garland sues Georgia
0,"Biden’s next challenge, inflation debate and data, and vaccine push continues "
1,They have a deal
1,"A big day for data, infrastructure plan moves closer, and more monetary talk "
1,You’re fired
1,"It’s PMI day, the inflation debate continues and back-to-the-office vaccines "
1,Bitcoin takes a dive
1,"Powell testifies, Russia wants to open the taps, and a Bitcoin death cross"
1,"Treasury yields drop, Bitcoin hit by China again, and Iran talks get trickier  "
1,Covid rises in the South
0,Hazardous to your health
1,Fed sends investors fleeing
0,"Inflation trade unwinds, travel reopens, and the sudden arrival of Juneteenth"
1,"Hawkish Fed moves markets, a raft of monetary action, and claims data due "
0,Deadly delta waves
1,"It’s Fed day, China tries to control commodity prices, and inflation worries remain"
0,"Verify, then trust"
1,"A big deal, China hits back at Biden, and retail sales data due"
1,"America’s 600,000 dead"
1,"Fed policy decision, G-7 tensions, and oil rises"
1,Good news on Covid
0,Biogen blowup
1,"Infrastructure deal hopes revived, Basel weighs in on Bitcoin and G-7 descends on Cornwall"
1,"G7, minus Trump"
1,"US and China talk, all eyes on inflation and G-7 plans to end the pandemic"
1,Saved by day traders
0,Big Oil takes a beating
1,‘Trump’s big lie’
0,"Biden’s budget, too late to stop Bitcoin, and vaccine distribution’s still uneven"
1,Rise of the ‘dead zones'
0,"Biden’s big China switch, claims data due, and a big change for oil majors "
1,Where Covid came from
1,"Wall Street faces Congress, cryptos rebound, and Biden urged to make changes at the Fed "
1,"Dovish Fed comments, Bitcoin miners join forces, and streaming wars set to heat up "
0,Biden versus Putin
1,China’s debt threat
1,"Commodity warning, a forced landing in Belarus, and another volatile weekend in crypto "
1,"Elon 1, Bitcoin 0"
1,The billionaires’ loophole
0,"Biden’s tax plans, it’s PMI day, and quarantine-free travel"
1,A bigger ransomware attack
1,"Claims data due, crypto world calms down, and commodities retreat "
1,"Trump Organization probe, Bitcoin is over Musk, and inflation concerns mount"
0,Bitcoin rises again
1,"Biden moves to export vaccines, GOP makes counteroffer and IEA says its time to stop drilling for oil"
0,Crypto gets hammered
1,"Musk clarifies Bitcoin position, more Covid flareups, and the everything shortage"
0,Biden’s turning point
0,Inflation fears takes hold
1,Amazon has the keys
1,"Retail sales data, commodities drop, and crypto’s wild week"
1,The billionaire maker
1,"Claims data due, Musk’s flip flop on Bitcoin, and largest fuel pipeline reopens "
1,Pipeline rebooted
0,"Inflation data, $3 gasoline, and another crypto warning"
1,Running on empty
1,"Stocks tumble, inflation fears rise, and fuel shortage warnings "
1,"America attacked, again"
1,"Colonial pipeline still shut, more commodity price surges, and the pandemic latest"
1,"Mixed global growth picture, mixed earnings, and 150 million Covid cases"
1,Rich enough to retire
1,"American optimism, claims data, and the chips are down"
0,Weapon for the mutation war
1,"Biden's next big plan, Fed decision, and more tech earnings "
0,Biden’s big unveil
1,‘This was an execution’
1,"Earnings meet optimism, tech giants report, and more easing of virus measures "
1,"India gets some help, Tesla to report, and China widens tech crackdown"
1,Covid’s desperate race
0,Wall Street’s ‘overlooked minority’
1,"Biden goes big on tax, Bitcoin plunges, and it's PMI day"
0,J&J gets another shot
1,"Renewed growth warnings, claims data due, and more Archegos fallout"
0,Here come the taxes
1,Market spillover grows
0,"Reassessing the reopening, tech companies in Congress, and a Bitcoin warning "
1,"Covid risk remains, corporate woes, and meme coin does meme thing "
1,Guilty of murder
1,"Record number of virus cases, crypto assets rattled, and a turning point for crude "
0,Bitcoin off the rails
0,Crypto craze gets crazier
1,200 million shots
0,"China growth soars, unused vaccines pile up in the US, and a Wall Street bank goes big"
1,"Biden to sanction Russia, big retail sales number expected, and a raft of corporate news"
1,The recovery arrives
1,Wall Street crushes it
0,"Archegos unwind continues, Coinbase IPO, and Wall Street earnings season kicks off "
1,Vaccine pause
1,"China trade surges, US inflation data, and Bitcoin hits record high"
1,Make the rich pay
1,"Powell is optimistic, digital currencies on the agenda, and a bond market test"
1,Keeping bankers happy
1,"Biden to lay out infrastructure plan, pandemic restrictions, and Lagarde says market can test the ECB "
1,Biden’s $2 Trillion New Deal
1,"Fallout from Archegos continues, Treasury yields rise again, and sorting out the Suez bill "
1,Margin call meltdown
1,"Margin call rattles markets, the ship starts to move, and global Covid cases rise "
1,‘Impending doom’
1,The vaccine war
1,"Suez ship still stuck, chip shortage gets worse, and Biden's new vaccine target"
1,Georgia outrage
1,‘Un-American’ and ‘sick'
0,"Suez ship still stuck, vaccine reassessment, and a Treasury test"
1,Crisis in the Suez Canal
0,"Shipping stuck by Suez blockage, it's PMI day, and vaccine supplies remain a source of tension "
1,"Powell stays dovish, Biden's big infrastructure plan, and AstraZeneca vaccine doubts"
1,Covid trials and tribulation
1,Infections are rising again
1,"Turkish markets plunge, AstraZeneca vaccine effective in US trial, and Treasury market waiting for a signal "
1,"China-US talks descend into bickering, oil's plunge, and US races ahead with vaccines "
1,Citigroup’s $500 million blunder
1,"Treasury yields rise on Powell, claims data due, and another big day for central banks "
0,Global rebound
1,"Decision day at the Fed, semiconductor shortage gets serious, and the world has changed for oil "
1,No inflation here
1,"EU ministers to debate Astra vaccine, Biden's plan to get Republicans on board, and retail sales expected to slip "
1,America’s biggest threat
1,"Biden eyes tax hike, a big week for central banks and AstraZeneca vaccine woes "
0,Premature optimism
1,Covid’s economic toll
1,"Trouble for tech, bond yields won't be quelled, and Americans eye return to normal life in July"
0,100 million shots
1,Covid’s dangerous juncture
1,"More vaccines for the US, tame inflation calms markets, and a regulatory regime change on Wall Street"
1,Brexit infects the pandemic
1,"Hackers pounce, bulls roar back and the $19 trillion stimulus plan is coming"
0,Beware the Bitcoin bonanza
1,Fear of a fourth wave
0,"Bonds get messy, House to vote on stimulus, and a check on inflation "
1,"Bond yields rise again, claims data due, and more good vaccine news"
0,Global selloff
1,Fed disruption
1,"Powell's second day, the Wood effect, and predictions of $100 oil"
1,Bond-buying binge
0,"Tech stocks hit, reflation trade continues, and Powell testimony due "
1,Half-million dead
0,"Good news on vaccine, bond selloff deepens, and oil supply debate heats up"
1,"Disaster, Texas style"
1,"Texas thaws, Biden open to talking to Iran, and it's PMI day"
1,No more ‘America First’
1,Cautious optimism
0,"Texas big freeze goes global, claims data due, and GameStop hearings begin "
1,"Treasury yields rise, cold weather hit continues, and more hopeful pandemic signs "
1,Robinhood’s reckoning
1,"Democrats get back to stimulus work, US energy crisis deepens, and more signs the pandemic is slowing"
1,Revenge of the polar vortex
0,China’s long hack
1,"House panel clears $1,400 checks, impeachment trial continues with the defense, and US boosts vaccine supply "
0,It wasn’t his fault
1,"A health check on the labor market, stimulus-focused Democrats seize on Powell comments, and more warnings on a slow recovery"
1,Huge vaccine deal
1,More reasons to fear inflation
1,"A reality check on inflation, the pandemic latest, and impeachment trial gets going "
0,Democracy on Wall Street
1,GameStop's Crazy Week: Five Things Special Edition
1,"Robinhood's dash for cash, regulators monitor day trading, and vaccine news"
1,Single dose vaccine
1,Collateral damage
1,"GameStop mania goes global, claims data due, and more Covid restrictions lifted "
1,‘Squeeze contagion’
0,"GameStop mania, Fed decision day, and earnings due for Apple, Facebook and Tesla"
1,Putin gets an earful
1,"Stimulus still weeks away, states ease Covid restrictions, and big tech earnings season begins"
1,"Biden's stimulus challenge, more travel restrictions, and virtual Davos begins"
1,Black steps back
0,Biden’s disasters
1,Wall Street’s warning
1,"Biden's Covid warning, lockdowns could last until the summer, and it's PMI day "
1,A third vaccine
0,"Biden's new pandemic approach, claims data due, and ECB decision day"
1,Wartime president
0,"Biden gets down to business, Republicans push back on stimulus and another big day for earnings"
1,"Death toll: 400,000"
0,"Yellen's pitch, Trump's last day, and another busy day for earnings"
0,Exit stage right
1,‘Capture and assassinate’
0,"Biden's big plan, Powell kills the taper, and another grim Covid milestone "
1,Turn for the worse
1,"Impeachment moves to Senate, Biden to unveil stimulus plan, and claims data due"
1,Impeached again
1,"Allianz pleads guilty to multibillion dollar fraud, fined $5b, can no longer advise funds in the US"
1,"Biden warns Russia, central banks go own way, and omicron divergence continues "
1,Flight vaccine rule
0,Fed's Mester doesn't support interest-rate hike of 75 basis points in May - 04/22/22
1,"Moronic Monday - May 03, 2022 - Your Weekly Questions Thread"
1,Ukraine's banking sector increases losses as war rages
1,The Fed must emulate the tactics of Volcker’s fight against inflation
1,S&P 500’s Worst First Half Since 1962 Won’t Tell You Much About the Second Half
1,U.S. Consumer Sentiment Unexpectedly Rises to Three-Month High
1,"Russia will halt bond sales, France set for an election rematch and Musk declines a Twitter board seat"
1,Making a killing on shipping
1,How long will inflation last?
1,Financial warfare: will there be a backlash against the dollar?
1,Seditious conspiracy
1,Apple slows down
1,Super-hot job market
1,Fed in talks about 75 BP next round
1,"The US prepares Ukraine military assistance, inflation surges and big banks kick off first-quarter earnings"
1,The economic shock hitting the housing market just got bigger
1,"Fed’s Message on Interest-Rate Path, Destination Will Be Scrutinized"
1,"The US is exporting inflation, investors are avoiding Chinese assets and the euro-area could be on the brink of a recession "
1,Goldman Sachs Is Being Investigated Over E.S.G. Funds
1,"Recession can be avoided, Bank of Japan and Mike Pence "
1,The Taiwan call
1,"Microsoft and other big tech companies posted strong sales growth, the Fed is expected to hike 75 basis points and Credit Suisse gets a new CEO "
1,Stock buybacks are Washington's latest public enemy --- even though they're good for shareholders
1,"Moronic Monday - June 28, 2022 - Your Weekly Questions Thread"
1,Crypto chaos strikes
1,New Memo from Howard Marks (Oaktree) is worth reading:
1,"Tesla sees the supply chain improving, Nord Stream gas flows resume and Mario Draghi resigns as Italian prime minister"
0,"Biden clarifies his red line, China ramps up efforts to boost economy, and Bitcoin tumbles "
1,No quick recovery
1,"Markets catch their breath, omicron uncertainty, and oil regains some ground"
1,America reshaped
1,Exxon signals operating profits could double over the first quarter
1,Battle formations
0,Crypto ‘death spiral’
1,"Fed Hikes Rates Half-Point, Powell Signals Similar Moves Coming"
1,"Tensions remain high over Ukraine, it’s PMI day, and Bitcoin drops again "
1,Rouble hits 7-year peak vs dollar after West says Russia in default
1,Glimmers of hope
0,Infections are rising again
0,Bad news for retirement
0,Americans keep quitting
0,Russia invasion fears
0,The planet’s ‘last best hope’
0,"Progressives hold out on infrastructure vote, more corporate earnings, and US-China tensions rise again "
0,"Earnings season in full swing, China’s lonely Covid-zero policy, and more oil price warnings"
0,"Supply-chains dominate earnings, it’s PMI day, and Biden backs away from hiking corporate taxes "
0,"Evergrande fallout continues, Democrats draw battle lines over stimulus, and a heath check for the economy"
0,Global traffic jam
0,"Taper timing, bank earnings and claims data "
0,"Biden 2, Texas 0"
0,America’s Evergrande exposure
0,Fear of a wider gas crisis
0,China’s big dilemma
0,"Evergrande fears linger, China outlaws crypto transactions, and a busy political weekend "
0,Mysterious Goldman bankers
0,"Volatility expected as options expire, Biden thinks gas is too expensive, and pandemic fallout continues"
0,"Inflation fears haven’t gone away, health check for US economy, and slow progress on Biden agenda "
0,Shrinking tax hikes
0,The world’s problem
0,Biden vows revenge
0,The clock is ticking
0,No end in sight
0,"Powell speech, delta fears and Biden defiant "
0,"Afghanistan falls, worrying signs for the global economy and Fed taper debate continues "
0,The price of a third shot
0,"Biden’s difficult path, jobless claims due, and lockdowns threaten trade"
0,Younger and sicker
0,"OPEC deal, delta surge, and Biden’s China rethink"
0,Burned out bankers
0,Wall Street cash bonanza
0,US inflation just spiked
0,A bad sign
0,"Biden’s next challenge, inflation debate and data, and vaccine push continues "
0,Hazardous to your health
0,"Inflation trade unwinds, travel reopens, and the sudden arrival of Juneteenth"
0,Deadly delta waves
0,"Verify, then trust"
0,Biogen blowup
0,Big Oil takes a beating
0,"Biden’s budget, too late to stop Bitcoin, and vaccine distribution’s still uneven"
0,"Biden’s big China switch, claims data due, and a big change for oil majors "
0,Biden versus Putin
0,"Biden’s tax plans, it’s PMI day, and quarantine-free travel"
0,Bitcoin rises again
0,Crypto gets hammered
0,Biden’s turning point
0,Inflation fears takes hold
0,"Inflation data, $3 gasoline, and another crypto warning"
0,Weapon for the mutation war
0,Biden’s big unveil
0,Wall Street’s ‘overlooked minority’
0,J&J gets another shot
0,Here come the taxes
0,"Reassessing the reopening, tech companies in Congress, and a Bitcoin warning "
0,Bitcoin off the rails
0,Crypto craze gets crazier
0,"China growth soars, unused vaccines pile up in the US, and a Wall Street bank goes big"
0,"Archegos unwind continues, Coinbase IPO, and Wall Street earnings season kicks off "
0,"Suez ship still stuck, vaccine reassessment, and a Treasury test"
0,"Shipping stuck by Suez blockage, it's PMI day, and vaccine supplies remain a source of tension "
0,Global rebound
0,Premature optimism
0,100 million shots
0,Beware the Bitcoin bonanza
0,"Bonds get messy, House to vote on stimulus, and a check on inflation "
0,Global selloff
0,"Tech stocks hit, reflation trade continues, and Powell testimony due "
0,"Good news on vaccine, bond selloff deepens, and oil supply debate heats up"
0,"Texas big freeze goes global, claims data due, and GameStop hearings begin "
0,China’s long hack
0,It wasn’t his fault
0,Democracy on Wall Street
0,"GameStop mania, Fed decision day, and earnings due for Apple, Facebook and Tesla"
0,Biden’s disasters
0,"Biden's new pandemic approach, claims data due, and ECB decision day"
0,"Biden gets down to business, Republicans push back on stimulus and another big day for earnings"
0,"Yellen's pitch, Trump's last day, and another busy day for earnings"
0,Exit stage right
0,"Biden's big plan, Powell kills the taper, and another grim Covid milestone "
0,Fed's Mester doesn't support interest-rate hike of 75 basis points in May - 04/22/22
0,"Biden clarifies his red line, China ramps up efforts to boost economy, and Bitcoin tumbles "
0,Crypto ‘death spiral’
0,Infections are rising again
0,Bad news for retirement
0,Americans keep quitting
0,Russia invasion fears
0,The planet’s ‘last best hope’
0,"Progressives hold out on infrastructure vote, more corporate earnings, and US-China tensions rise again "
0,"Earnings season in full swing, China’s lonely Covid-zero policy, and more oil price warnings"
0,"Supply-chains dominate earnings, it’s PMI day, and Biden backs away from hiking corporate taxes "
0,"Evergrande fallout continues, Democrats draw battle lines over stimulus, and a heath check for the economy"
0,Global traffic jam
0,"Taper timing, bank earnings and claims data "
0,"Biden 2, Texas 0"
0,America’s Evergrande exposure
0,Fear of a wider gas crisis
0,China’s big dilemma
0,"Evergrande fears linger, China outlaws crypto transactions, and a busy political weekend "
0,Mysterious Goldman bankers
0,"Volatility expected as options expire, Biden thinks gas is too expensive, and pandemic fallout continues"
0,"Inflation fears haven’t gone away, health check for US economy, and slow progress on Biden agenda "
0,Shrinking tax hikes
0,The world’s problem
0,Biden vows revenge
0,The clock is ticking
0,No end in sight
0,"Powell speech, delta fears and Biden defiant "
0,"Afghanistan falls, worrying signs for the global economy and Fed taper debate continues "
0,The price of a third shot
0,"Biden’s difficult path, jobless claims due, and lockdowns threaten trade"
0,Younger and sicker
0,"OPEC deal, delta surge, and Biden’s China rethink"
0,Burned out bankers
0,Wall Street cash bonanza
0,US inflation just spiked
0,A bad sign
0,"Biden’s next challenge, inflation debate and data, and vaccine push continues "
0,Hazardous to your health
0,"Inflation trade unwinds, travel reopens, and the sudden arrival of Juneteenth"
0,Deadly delta waves
0,"Verify, then trust"
0,Biogen blowup
0,Big Oil takes a beating
0,"Biden’s budget, too late to stop Bitcoin, and vaccine distribution’s still uneven"
0,"Biden’s big China switch, claims data due, and a big change for oil majors "
0,Biden versus Putin
0,"Biden’s tax plans, it’s PMI day, and quarantine-free travel"
0,Bitcoin rises again
0,Crypto gets hammered
0,Biden’s turning point
0,Inflation fears takes hold
0,"Inflation data, $3 gasoline, and another crypto warning"
0,Weapon for the mutation war
0,Biden’s big unveil
0,Wall Street’s ‘overlooked minority’
0,J&J gets another shot
0,Here come the taxes
0,"Reassessing the reopening, tech companies in Congress, and a Bitcoin warning "
0,Bitcoin off the rails
0,Crypto craze gets crazier
0,"China growth soars, unused vaccines pile up in the US, and a Wall Street bank goes big"
0,"Archegos unwind continues, Coinbase IPO, and Wall Street earnings season kicks off "
0,"Suez ship still stuck, vaccine reassessment, and a Treasury test"
0,"Shipping stuck by Suez blockage, it's PMI day, and vaccine supplies remain a source of tension "
0,Global rebound
0,Premature optimism
0,100 million shots
0,Beware the Bitcoin bonanza
0,"Bonds get messy, House to vote on stimulus, and a check on inflation "
0,Global selloff
0,"Tech stocks hit, reflation trade continues, and Powell testimony due "
0,"Good news on vaccine, bond selloff deepens, and oil supply debate heats up"
0,"Texas big freeze goes global, claims data due, and GameStop hearings begin "
0,China’s long hack
0,It wasn’t his fault
0,Democracy on Wall Street
0,"GameStop mania, Fed decision day, and earnings due for Apple, Facebook and Tesla"
0,Biden’s disasters
0,"Biden's new pandemic approach, claims data due, and ECB decision day"
0,"Biden gets down to business, Republicans push back on stimulus and another big day for earnings"
0,"Yellen's pitch, Trump's last day, and another busy day for earnings"
0,Exit stage right
0,"Biden's big plan, Powell kills the taper, and another grim Covid milestone "
0,Fed's Mester doesn't support interest-rate hike of 75 basis points in May - 04/22/22
0,"Biden clarifies his red line, China ramps up efforts to boost economy, and Bitcoin tumbles "
0,Crypto ‘death spiral’
